{"_wandb":{"runtime":7705},"_runtime":7705,"_step":9,"train_loss":2.2045122106694963,"lr":0.000655826964089378,"_timestamp":1.779221840846276e+09}